title,url
Virtuālo sacīkšu kultūra un IndyCar cūcība,https://f1.lv/2020/05/04/virtualo-saciksu-kultura-un-indycar-cuciba/
"Virtuālās sacīkstes – Albons pieveic Leklēru, Indycar skandāls, Nitišs piedalās World...",https://f1.lv/2020/05/03/virtualas-sacikstes-albons-pieveic-lekleru-indycar-skandals-nitiss-piedalas-world-rx-sacensibas/
"Pirms 20 gadiem – diena, kad gandrīz zaudējām Kulthārdu",https://f1.lv/2020/05/02/pirms-20-gadiem-diena-kad-gandriz-zaudejam-kulthardu/
"NASCAR kļūs par ‘restarta pionieriem’, atsākot sezonu 17. maijā",https://f1.lv/2020/05/02/nascar-klus-par-restarta-pionieriem-atsakot-sezonu-17-maija/
Īsi pirms Sennas traģēdijas: gatavojoties 1994.gada Sanmarīno GP startam,https://f1.lv/2020/05/01/isi-pirms-sennas-tragedijas-gatavojoties-1994-gada-sanmarino-gp-startam/
MotoGP pilnībā atceļ trīs Eiropas posmus,https://f1.lv/2020/04/29/motogp-pilniba-atcel-tris-eiropas-posmus/
Cik pelna F1 piloti?,https://f1.lv/2020/04/28/cik-pelna-f1-piloti/
"‘Audi’ pamet DTM čempionātu, paliek vienīgi ‘BMW’",https://f1.lv/2020/04/27/audi-pamet-dtm-cempionatu-paliek-vienigi-bmw/
"Francijas GP atcelts, Silverstonā bez skatītājiem, F1 kalendāra uzmetums gatavs",https://f1.lv/2020/04/27/atcelts-ari-francijas-gp-silverstona-varetu-notikt-divi-posmi-bez-skatitajiem/
"Virtuālās sacīkstes – Noriss uzvar IndyCar, NASCAR fotofinišs, cīņu uzsāk arī...",https://f1.lv/2020/04/27/virtualas-sacikstes-noriss-uzvar-indycar-nascar-fotofiniss-cinu-uzsak-ari-formula-e/
